<?xml version="1.0" encoding="UTF-8"?><?xml-stylesheet type='text/xsl' href='_UpgradeReport_Files/UpgradeReport.xslt'?><UpgradeLog>
<Properties><Property Name="Solution" Value="ExMldNet">
</Property><Property Name="Solution File" Value="D:\eclipse\workspace\ExMldNet\ExMldNet.sln">
</Property><Property Name="Date" Value="Saturday, August 02, 2008">
</Property><Property Name="Time" Value="12:40:14 PM">
</Property></Properties><Event ErrorLevel="0" Project="ExMldNet" Source="ExMldNet.vbproj" Description="Project file successfully backed up as D:\eclipse\workspace\ExMldNet\Backup\ExMldNet.vbproj">
</Event><Event ErrorLevel="0" Project="ExMldNet" Source="ExMldNet.vbproj.user" Description="Project user file successfully backed up as D:\eclipse\workspace\ExMldNet\Backup\ExMldNet.vbproj.user">
</Event><Event ErrorLevel="0" Project="ExMldNet" Source="ApplicationEvents.vb" Description="File successfully backed up as D:\eclipse\workspace\ExMldNet\Backup\ApplicationEvents.vb">
</Event><Event ErrorLevel="0" Project="ExMldNet" Source="Form4.Designer.vb" Description="File successfully backed up as D:\eclipse\workspace\ExMldNet\Backup\Form4.Designer.vb">
</Event><Event ErrorLevel="0" Project="ExMldNet" Source="Form4.vb" Description="File successfully backed up as D:\eclipse\workspace\ExMldNet\Backup\Form4.vb">
</Event><Event ErrorLevel="0" Project="ExMldNet" Source="Form5.Designer.vb" Description="File successfully backed up as D:\eclipse\workspace\ExMldNet\Backup\Form5.Designer.vb">
</Event><Event ErrorLevel="0" Project="ExMldNet" Source="Form5.vb" Description="File successfully backed up as D:\eclipse\workspace\ExMldNet\Backup\Form5.vb">
</Event><Event ErrorLevel="0" Project="ExMldNet" Source="ModelExport.vb" Description="File successfully backed up as D:\eclipse\workspace\ExMldNet\Backup\ModelExport.vb">
</Event><Event ErrorLevel="0" Project="ExMldNet" Source="NJCMExtensions.vb" Description="File successfully backed up as D:\eclipse\workspace\ExMldNet\Backup\NJCMExtensions.vb">
</Event><Event ErrorLevel="0" Project="ExMldNet" Source="NJCMFileIO.vb" Description="File successfully backed up as D:\eclipse\workspace\ExMldNet\Backup\NJCMFileIO.vb">
</Event><Event ErrorLevel="0" Project="ExMldNet" Source="NJCMModelBasetest.vb" Description="File successfully backed up as D:\eclipse\workspace\ExMldNet\Backup\NJCMModelBasetest.vb">
</Event><Event ErrorLevel="0" Project="ExMldNet" Source="NJCMTypesBase.vb" Description="File successfully backed up as D:\eclipse\workspace\ExMldNet\Backup\NJCMTypesBase.vb">
</Event><Event ErrorLevel="0" Project="ExMldNet" Source="Form1.vb" Description="File successfully backed up as D:\eclipse\workspace\ExMldNet\Backup\Form1.vb">
</Event><Event ErrorLevel="0" Project="ExMldNet" Source="Form1.Designer.vb" Description="File successfully backed up as D:\eclipse\workspace\ExMldNet\Backup\Form1.Designer.vb">
</Event><Event ErrorLevel="0" Project="ExMldNet" Source="Form2.Designer.vb" Description="File successfully backed up as D:\eclipse\workspace\ExMldNet\Backup\Form2.Designer.vb">
</Event><Event ErrorLevel="0" Project="ExMldNet" Source="Form2.vb" Description="File successfully backed up as D:\eclipse\workspace\ExMldNet\Backup\Form2.vb">
</Event><Event ErrorLevel="0" Project="ExMldNet" Source="Form3.Designer.vb" Description="File successfully backed up as D:\eclipse\workspace\ExMldNet\Backup\Form3.Designer.vb">
</Event><Event ErrorLevel="0" Project="ExMldNet" Source="Form3.vb" Description="File successfully backed up as D:\eclipse\workspace\ExMldNet\Backup\Form3.vb">
</Event><Event ErrorLevel="0" Project="ExMldNet" Source="trianglestrip.vb" Description="File successfully backed up as D:\eclipse\workspace\ExMldNet\Backup\trianglestrip.vb">
</Event><Event ErrorLevel="0" Project="ExMldNet" Source="Utilities.vb" Description="File successfully backed up as D:\eclipse\workspace\ExMldNet\Backup\Utilities.vb">
</Event><Event ErrorLevel="0" Project="ExMldNet" Source="Scanner.vb" Description="File successfully backed up as D:\eclipse\workspace\ExMldNet\Backup\Scanner.vb">
</Event><Event ErrorLevel="0" Project="ExMldNet" Source="BMLUtilities.vb" Description="File successfully backed up as D:\eclipse\workspace\ExMldNet\Backup\BMLUtilities.vb">
</Event><Event ErrorLevel="0" Project="ExMldNet" Source="PRSLib.vb" Description="File successfully backed up as D:\eclipse\workspace\ExMldNet\Backup\PRSLib.vb">
</Event><Event ErrorLevel="0" Project="ExMldNet" Source="My Project\AssemblyInfo.vb" Description="File successfully backed up as D:\eclipse\workspace\ExMldNet\Backup\My Project\AssemblyInfo.vb">
</Event><Event ErrorLevel="0" Project="ExMldNet" Source="My Project\Application.Designer.vb" Description="File successfully backed up as D:\eclipse\workspace\ExMldNet\Backup\My Project\Application.Designer.vb">
</Event><Event ErrorLevel="0" Project="ExMldNet" Source="My Project\Resources.Designer.vb" Description="File successfully backed up as D:\eclipse\workspace\ExMldNet\Backup\My Project\Resources.Designer.vb">
</Event><Event ErrorLevel="0" Project="ExMldNet" Source="My Project\Settings.Designer.vb" Description="File successfully backed up as D:\eclipse\workspace\ExMldNet\Backup\My Project\Settings.Designer.vb">
</Event><Event ErrorLevel="0" Project="ExMldNet" Source="ExMldNet_TemporaryKey.pfx" Description="File successfully backed up as D:\eclipse\workspace\ExMldNet\Backup\ExMldNet_TemporaryKey.pfx">
</Event><Event ErrorLevel="0" Project="ExMldNet" Source="My Project\Application.myapp" Description="File successfully backed up as D:\eclipse\workspace\ExMldNet\Backup\My Project\Application.myapp">
</Event><Event ErrorLevel="0" Project="ExMldNet" Source="My Project\Settings.settings" Description="File successfully backed up as D:\eclipse\workspace\ExMldNet\Backup\My Project\Settings.settings">
</Event><Event ErrorLevel="0" Project="ExMldNet" Source="Form1.resx" Description="File successfully backed up as D:\eclipse\workspace\ExMldNet\Backup\Form1.resx">
</Event><Event ErrorLevel="0" Project="ExMldNet" Source="Form2.resx" Description="File successfully backed up as D:\eclipse\workspace\ExMldNet\Backup\Form2.resx">
</Event><Event ErrorLevel="0" Project="ExMldNet" Source="Form3.resx" Description="File successfully backed up as D:\eclipse\workspace\ExMldNet\Backup\Form3.resx">
</Event><Event ErrorLevel="0" Project="ExMldNet" Source="Form4.resx" Description="File successfully backed up as D:\eclipse\workspace\ExMldNet\Backup\Form4.resx">
</Event><Event ErrorLevel="0" Project="ExMldNet" Source="Form5.resx" Description="File successfully backed up as D:\eclipse\workspace\ExMldNet\Backup\Form5.resx">
</Event><Event ErrorLevel="0" Project="ExMldNet" Source="My Project\Resources.resx" Description="File successfully backed up as D:\eclipse\workspace\ExMldNet\Backup\My Project\Resources.resx">
</Event><Event ErrorLevel="0" Project="ExMldNet" Source="ExMldNet.vbproj" Description="Project converted successfully">
</Event><Event ErrorLevel="3" Project="ExMldNet" Source="ExMldNet.vbproj" Description="Converted">
</Event><Event ErrorLevel="0" Project="ExMldNet" Source="ExMldNet.vbproj" Description="Scan complete: Upgrade not required for project files.">
</Event></UpgradeLog>