<?xml version='1.0' encoding='utf-8'?>
<!DOCTYPE dtbook SYSTEM "dtbook-2005-3.dtd">
<?xml-stylesheet type="text/css" href="daisy.css" media="screen"?>
<?xml-stylesheet type="text/xsl" href="daisyTransform.xsl" media="screen"?>
<dtbook xmlns="http://www.daisy.org/z3986/2005/dtbook/" version="2005-3">
  <head>
    <meta name="dtb:uid" content="TheVoynichManuscript"/>
    <meta name="dc:Title" content="The Voynich Manuscript"/>
  </head>
  <book>
    <frontmatter id="frontmatter_00001">
      <doctitle id="doctitle_00002" smilref="TheVoynichManuscript_daisy.smil#doctitle_00002">The Voynich Manuscript</doctitle>
      <docauthor id="docauthor_00003" smilref="TheVoynichManuscript_daisy.smil#docauthor_00003">Unknown</docauthor>
      <level1 id="level1_00004">
        <h1 id="h1_00005" smilref="TheVoynichManuscript_daisy.smil#h1_00005">Producer's Note</h1>
        <level2 id="level2_00006">
          <h2 id="h2_00007" smilref="TheVoynichManuscript_daisy.smil#h2_00007">About Internet Archive Daisy Books</h2>
          <p id="p_00008" smilref="TheVoynichManuscript_daisy.smil#p_00008">This book was produced in DAISY format by the Internet Archive.  The
    book pages were scanned and converted to DAISY format
    automatically.  This process relies on optical character
    recognition, and is somewhat susceptible to errors.  These errors
    may include weird characters, non-words, and incorrect guesses at
    structure.  Page numbers and headers or footers may remain from
    the scanned page.  The Internet Archive is working to improve the
    scanning process and resulting books, but in the meantime, we hope
    that this book will be useful to you.
    </p>
        </level2>
        <level2 id="level2_00009">
          <h2 id="h2_00010" smilref="TheVoynichManuscript_daisy.smil#h2_00010">About this DAISY book</h2>
          <p id="p_00011" smilref="TheVoynichManuscript_daisy.smil#p_00011">This book as paragraph navigation, but is otherwise unstructured.</p>
        </level2>
        <level2 id="level2_00012">
          <h2 id="h2_00013" smilref="TheVoynichManuscript_daisy.smil#h2_00013">About the Internet Archive</h2>
          <p id="p_00014" smilref="TheVoynichManuscript_daisy.smil#p_00014">The Internet Archive was founded in 1996
    to build an Internet library
and to promote universal access to all knowledge.  The Archive's purposes
include offering permanent access for researchers, historians,
scholars, people with disabilities, and the general public to
historical collections that exist in digital format.  The Internet Archive
includes texts, audio, moving images, and software as well as archived
web pages, and provides specialized services for information access
for the blind and other persons with disabilities.
    </p>
        </level2>
      </level1>
    </frontmatter>
    <bodymatter id="bodymatter_00015">
      <level1 id="level1_00016">
        <h1 id="h1_00017" smilref="TheVoynichManuscript_daisy.smil#h1_00017">Book</h1>
        <p id="p_00018" smilref="TheVoynichManuscript_daisy.smil#p_00018"> YALE UNIVERSIT'* LIBRARY</p>
        <p id="p_00019" smilref="TheVoynichManuscript_daisy.smil#p_00019"> -a</p>
        <p id="p_00020" smilref="TheVoynichManuscript_daisy.smil#p_00020"> "v-</p>
        <p id="p_00021" smilref="TheVoynichManuscript_daisy.smil#p_00021"> ^^^mm</p>
        <p id="p_00022" smilref="TheVoynichManuscript_daisy.smil#p_00022"> ^^^</p>
        <p id="p_00023" smilref="TheVoynichManuscript_daisy.smil#p_00023"> Sf*.-*</p>
        <p id="p_00024" smilref="TheVoynichManuscript_daisy.smil#p_00024"> !l</p>
        <p id="p_00025" smilref="TheVoynichManuscript_daisy.smil#p_00025"> «  %o)t  «H&lt;</p>
        <p id="p_00026" smilref="TheVoynichManuscript_daisy.smil#p_00026"> ^4^,</p>
        <p id="p_00027" smilref="TheVoynichManuscript_daisy.smil#p_00026"/>
        <p id="p_00028" smilref="TheVoynichManuscript_daisy.smil#p_00028"> n</p>
        <p id="p_00029" smilref="TheVoynichManuscript_daisy.smil#p_00029"> &lt;./.-.,</p>
        <p id="p_00030" smilref="TheVoynichManuscript_daisy.smil#p_00030"> ^^^.</p>
        <p id="p_00031" smilref="TheVoynichManuscript_daisy.smil#p_00030"/>
        <p id="p_00032" smilref="TheVoynichManuscript_daisy.smil#p_00030"/>
        <p id="p_00033" smilref="TheVoynichManuscript_daisy.smil#p_00033"> ~-x&gt;!f ■-";'•</p>
        <p id="p_00034" smilref="TheVoynichManuscript_daisy.smil#p_00034"> ^1^ 1&gt;^</p>
        <p id="p_00035" smilref="TheVoynichManuscript_daisy.smil#p_00034"/>
        <p id="p_00036" smilref="TheVoynichManuscript_daisy.smil#p_00036"> /r"- ^^</p>
        <p id="p_00037" smilref="TheVoynichManuscript_daisy.smil#p_00037"> .^^</p>
        <p id="p_00038" smilref="TheVoynichManuscript_daisy.smil#p_00038"> ...^L..  „!C^ „.o .,^„j</p>
        <p id="p_00039" smilref="TheVoynichManuscript_daisy.smil#p_00039"> ^</p>
        <p id="p_00040" smilref="TheVoynichManuscript_daisy.smil#p_00040"> ^- F. »i^  % iS</p>
        <p id="p_00041" smilref="TheVoynichManuscript_daisy.smil#p_00040"/>
        <p id="p_00042" smilref="TheVoynichManuscript_daisy.smil#p_00040"/>
        <p id="p_00043" smilref="TheVoynichManuscript_daisy.smil#p_00043"> &amp;^ c^ !t™^ ^tt., „fA.&lt; s, w lt.»t5,n</p>
        <p id="p_00044" smilref="TheVoynichManuscript_daisy.smil#p_00043"/>
        <p id="p_00045" smilref="TheVoynichManuscript_daisy.smil#p_00045"> ".j"  s  ' 'f   '   %s"'*-^ oft.:..».«» .</p>
        <p id="p_00046" smilref="TheVoynichManuscript_daisy.smil#p_00046"> :^</p>
        <p id="p_00047" smilref="TheVoynichManuscript_daisy.smil#p_00047"> ^</p>
        <p id="p_00048" smilref="TheVoynichManuscript_daisy.smil#p_00048"> ■■i</p>
        <p id="p_00049" smilref="TheVoynichManuscript_daisy.smil#p_00049"> ^1   ^^      Xc«&lt;^</p>
        <p id="p_00050" smilref="TheVoynichManuscript_daisy.smil#p_00049"/>
        <p id="p_00051" smilref="TheVoynichManuscript_daisy.smil#p_00051"> . ' o«   *&gt;llo.^   ^ tT:«,t list c»»^&lt; »«;■"   '"^'i-   ^^^-^ ^</p>
        <p id="p_00052" smilref="TheVoynichManuscript_daisy.smil#p_00052"> ■^=^</p>
        <p id="p_00053" smilref="TheVoynichManuscript_daisy.smil#p_00053"> :^^^m^'</p>
        <p id="p_00054" smilref="TheVoynichManuscript_daisy.smil#p_00054"> X^^^,'</p>
        <p id="p_00055" smilref="TheVoynichManuscript_daisy.smil#p_00054"/>
        <p id="p_00056" smilref="TheVoynichManuscript_daisy.smil#p_00054"/>
        <p id="p_00057" smilref="TheVoynichManuscript_daisy.smil#p_00054"/>
        <p id="p_00058" smilref="TheVoynichManuscript_daisy.smil#p_00054"/>
        <p id="p_00059" smilref="TheVoynichManuscript_daisy.smil#p_00059"> /^</p>
        <p id="p_00060" smilref="TheVoynichManuscript_daisy.smil#p_00059"/>
        <p id="p_00061" smilref="TheVoynichManuscript_daisy.smil#p_00061"> \</p>
        <p id="p_00062" smilref="TheVoynichManuscript_daisy.smil#p_00062"> Uf^^^</p>
        <p id="p_00063" smilref="TheVoynichManuscript_daisy.smil#p_00062"/>
        <p id="p_00064" smilref="TheVoynichManuscript_daisy.smil#p_00062"/>
        <p id="p_00065" smilref="TheVoynichManuscript_daisy.smil#p_00065"> n^.ft.i  olf„, .1' „ t</p>
        <p id="p_00066" smilref="TheVoynichManuscript_daisy.smil#p_00065"/>
        <p id="p_00067" smilref="TheVoynichManuscript_daisy.smil#p_00067"> m</p>
        <p id="p_00068" smilref="TheVoynichManuscript_daisy.smil#p_00067"/>
        <p id="p_00069" smilref="TheVoynichManuscript_daisy.smil#p_00069"> T... If... .^, ^,„. *3N\//.^}ioaox M</p>
        <p id="p_00070" smilref="TheVoynichManuscript_daisy.smil#p_00069"/>
        <p id="p_00071" smilref="TheVoynichManuscript_daisy.smil#p_00071"> .^..0</p>
        <p id="p_00072" smilref="TheVoynichManuscript_daisy.smil#p_00071"/>
        <p id="p_00073" smilref="TheVoynichManuscript_daisy.smil#p_00071"/>
        <p id="p_00074" smilref="TheVoynichManuscript_daisy.smil#p_00071"/>
        <p id="p_00075" smilref="TheVoynichManuscript_daisy.smil#p_00075"> i</p>
        <p id="p_00076" smilref="TheVoynichManuscript_daisy.smil#p_00076"> ^Jm&lt;^'</p>
        <p id="p_00077" smilref="TheVoynichManuscript_daisy.smil#p_00077"> ^m</p>
        <p id="p_00078" smilref="TheVoynichManuscript_daisy.smil#p_00078"> 0&lt;?tt&gt;&lt; ^&lt;\\^ ^t^ f-^osSa Aoi&lt;Sct      'tH&gt;"</p>
        <p id="p_00079" smilref="TheVoynichManuscript_daisy.smil#p_00078"/>
        <p id="p_00080" smilref="TheVoynichManuscript_daisy.smil#p_00080"> ::-„^2sz:f^:ii</p>
        <p id="p_00081" smilref="TheVoynichManuscript_daisy.smil#p_00081"> &gt;,&gt; 6,,1f,.,-.?&lt;•, fo.w   S^tf.*--</p>
        <p id="p_00082" smilref="TheVoynichManuscript_daisy.smil#p_00082"> '^^^       A.^-</p>
        <p id="p_00083" smilref="TheVoynichManuscript_daisy.smil#p_00083"> %iit;</p>
        <p id="p_00084" smilref="TheVoynichManuscript_daisy.smil#p_00084"> J</p>
        <p id="p_00085" smilref="TheVoynichManuscript_daisy.smil#p_00085"> ^j6ii.7tfwx„.r.tf.~,</p>
        <p id="p_00086" smilref="TheVoynichManuscript_daisy.smil#p_00085"/>
        <p id="p_00087" smilref="TheVoynichManuscript_daisy.smil#p_00087"> „ T,„ .if..«.,.5r.</p>
        <p id="p_00088" smilref="TheVoynichManuscript_daisy.smil#p_00087"/>
        <p id="p_00089" smilref="TheVoynichManuscript_daisy.smil#p_00087"/>
        <p id="p_00090" smilref="TheVoynichManuscript_daisy.smil#p_00087"/>
        <p id="p_00091" smilref="TheVoynichManuscript_daisy.smil#p_00091"> #^</p>
        <p id="p_00092" smilref="TheVoynichManuscript_daisy.smil#p_00092"> W\</p>
        <p id="p_00093" smilref="TheVoynichManuscript_daisy.smil#p_00093"> t   ;    o    ..^.V         f   ^   .V   1f     '</p>
        <p id="p_00094" smilref="TheVoynichManuscript_daisy.smil#p_00094"> •</p>
        <p id="p_00095" smilref="TheVoynichManuscript_daisy.smil#p_00094"/>
        <p id="p_00096" smilref="TheVoynichManuscript_daisy.smil#p_00096"> iV</p>
        <p id="p_00097" smilref="TheVoynichManuscript_daisy.smil#p_00096"/>
        <p id="p_00098" smilref="TheVoynichManuscript_daisy.smil#p_00098"> ^4 #</p>
        <p id="p_00099" smilref="TheVoynichManuscript_daisy.smil#p_00098"/>
        <p id="p_00100" smilref="TheVoynichManuscript_daisy.smil#p_00100"> -*%</p>
        <p id="p_00101" smilref="TheVoynichManuscript_daisy.smil#p_00100"/>
        <p id="p_00102" smilref="TheVoynichManuscript_daisy.smil#p_00102"> Sb^E*^</p>
        <p id="p_00103" smilref="TheVoynichManuscript_daisy.smil#p_00102"/>
        <p id="p_00104" smilref="TheVoynichManuscript_daisy.smil#p_00102"/>
        <p id="p_00105" smilref="TheVoynichManuscript_daisy.smil#p_00102"/>
        <p id="p_00106" smilref="TheVoynichManuscript_daisy.smil#p_00106"> i^</p>
        <p id="p_00107" smilref="TheVoynichManuscript_daisy.smil#p_00106"/>
        <p id="p_00108" smilref="TheVoynichManuscript_daisy.smil#p_00108"> te;</p>
        <p id="p_00109" smilref="TheVoynichManuscript_daisy.smil#p_00108"/>
        <p id="p_00110" smilref="TheVoynichManuscript_daisy.smil#p_00110"> ^spip</p>
        <p id="p_00111" smilref="TheVoynichManuscript_daisy.smil#p_00110"/>
        <p id="p_00112" smilref="TheVoynichManuscript_daisy.smil#p_00112"> !«&lt;ss;</p>
        <p id="p_00113" smilref="TheVoynichManuscript_daisy.smil#p_00112"/>
        <p id="p_00114" smilref="TheVoynichManuscript_daisy.smil#p_00112"/>
        <p id="p_00115" smilref="TheVoynichManuscript_daisy.smil#p_00112"/>
        <p id="p_00116" smilref="TheVoynichManuscript_daisy.smil#p_00112"/>
        <p id="p_00117" smilref="TheVoynichManuscript_daisy.smil#p_00112"/>
        <p id="p_00118" smilref="TheVoynichManuscript_daisy.smil#p_00118"> ..f^..„  J„;..^.t-</p>
        <p id="p_00119" smilref="TheVoynichManuscript_daisy.smil#p_00119"> if</p>
        <p id="p_00120" smilref="TheVoynichManuscript_daisy.smil#p_00120"> 5</p>
        <p id="p_00121" smilref="TheVoynichManuscript_daisy.smil#p_00121"> :^V</p>
        <p id="p_00122" smilref="TheVoynichManuscript_daisy.smil#p_00122"> #&gt;, I</p>
        <p id="p_00123" smilref="TheVoynichManuscript_daisy.smil#p_00122"/>
        <p id="p_00124" smilref="TheVoynichManuscript_daisy.smil#p_00122"/>
        <p id="p_00125" smilref="TheVoynichManuscript_daisy.smil#p_00125"> f^-^l^-</p>
        <p id="p_00126" smilref="TheVoynichManuscript_daisy.smil#p_00125"/>
        <p id="p_00127" smilref="TheVoynichManuscript_daisy.smil#p_00127"> ,"^..-.ot «.;! .^« S»«&gt;j «o.Ci</p>
        <p id="p_00128" smilref="TheVoynichManuscript_daisy.smil#p_00128"> ?%.    ^.tfs</p>
        <p id="p_00129" smilref="TheVoynichManuscript_daisy.smil#p_00129"> WmHlikti^C-</p>
        <p id="p_00130" smilref="TheVoynichManuscript_daisy.smil#p_00130"> m^</p>
        <p id="p_00131" smilref="TheVoynichManuscript_daisy.smil#p_00131"> '0</p>
        <p id="p_00132" smilref="TheVoynichManuscript_daisy.smil#p_00131"/>
        <p id="p_00133" smilref="TheVoynichManuscript_daisy.smil#p_00133"> !!/</p>
        <p id="p_00134" smilref="TheVoynichManuscript_daisy.smil#p_00133"/>
        <p id="p_00135" smilref="TheVoynichManuscript_daisy.smil#p_00133"/>
        <p id="p_00136" smilref="TheVoynichManuscript_daisy.smil#p_00133"/>
        <p id="p_00137" smilref="TheVoynichManuscript_daisy.smil#p_00133"/>
        <p id="p_00138" smilref="TheVoynichManuscript_daisy.smil#p_00133"/>
        <p id="p_00139" smilref="TheVoynichManuscript_daisy.smil#p_00139"> ^-/^ -I</p>
        <p id="p_00140" smilref="TheVoynichManuscript_daisy.smil#p_00139"/>
        <p id="p_00141" smilref="TheVoynichManuscript_daisy.smil#p_00141"> ,i</p>
        <p id="p_00142" smilref="TheVoynichManuscript_daisy.smil#p_00142"> &lt;i9^</p>
        <p id="p_00143" smilref="TheVoynichManuscript_daisy.smil#p_00143"> ^i</p>
        <p id="p_00144" smilref="TheVoynichManuscript_daisy.smil#p_00144"> ^^'</p>
        <p id="p_00145" smilref="TheVoynichManuscript_daisy.smil#p_00145"> ±</p>
        <p id="p_00146" smilref="TheVoynichManuscript_daisy.smil#p_00145"/>
        <p id="p_00147" smilref="TheVoynichManuscript_daisy.smil#p_00147"> i</p>
        <p id="p_00148" smilref="TheVoynichManuscript_daisy.smil#p_00148"> -T)"</p>
        <p id="p_00149" smilref="TheVoynichManuscript_daisy.smil#p_00149"> m</p>
        <p id="p_00150" smilref="TheVoynichManuscript_daisy.smil#p_00149"/>
        <p id="p_00151" smilref="TheVoynichManuscript_daisy.smil#p_00151"> «&gt;;) A... *..,  ^^[jV</p>
        <p id="p_00152" smilref="TheVoynichManuscript_daisy.smil#p_00151"/>
        <p id="p_00153" smilref="TheVoynichManuscript_daisy.smil#p_00153"> I</p>
        <p id="p_00154" smilref="TheVoynichManuscript_daisy.smil#p_00154"> :..':::trl7k-:rM'-Ki;':.</p>
        <p id="p_00155" smilref="TheVoynichManuscript_daisy.smil#p_00154"/>
        <p id="p_00156" smilref="TheVoynichManuscript_daisy.smil#p_00154"/>
        <p id="p_00157" smilref="TheVoynichManuscript_daisy.smil#p_00154"/>
        <p id="p_00158" smilref="TheVoynichManuscript_daisy.smil#p_00154"/>
        <p id="p_00159" smilref="TheVoynichManuscript_daisy.smil#p_00159"> \\</p>
        <p id="p_00160" smilref="TheVoynichManuscript_daisy.smil#p_00160"> '.Li   ^.'-^ "-'^'"' ^i- ^"^^"^ ^'" 'i'^-,</p>
        <p id="p_00161" smilref="TheVoynichManuscript_daisy.smil#p_00161"> -V ^.I ^"^- ^r-^ ^■r''r*^^?^'^  h^'^'</p>
        <p id="p_00162" smilref="TheVoynichManuscript_daisy.smil#p_00161"/>
        <p id="p_00163" smilref="TheVoynichManuscript_daisy.smil#p_00163"> :^-A</p>
        <p id="p_00164" smilref="TheVoynichManuscript_daisy.smil#p_00164"> |i&gt;/r.';r';,.fiix.;^"ilif</p>
        <p id="p_00165" smilref="TheVoynichManuscript_daisy.smil#p_00165"> ^"</p>
        <p id="p_00166" smilref="TheVoynichManuscript_daisy.smil#p_00166"> '^-1</p>
        <p id="p_00167" smilref="TheVoynichManuscript_daisy.smil#p_00167"> :^^</p>
        <p id="p_00168" smilref="TheVoynichManuscript_daisy.smil#p_00167"/>
        <p id="p_00169" smilref="TheVoynichManuscript_daisy.smil#p_00169"> 4»'^«k</p>
        <p id="p_00170" smilref="TheVoynichManuscript_daisy.smil#p_00170"> to</p>
        <p id="p_00171" smilref="TheVoynichManuscript_daisy.smil#p_00170"/>
        <p id="p_00172" smilref="TheVoynichManuscript_daisy.smil#p_00172"> ^'^</p>
        <p id="p_00173" smilref="TheVoynichManuscript_daisy.smil#p_00173"> ,/tf;::5e.^-?»^-I±^'</p>
        <p id="p_00174" smilref="TheVoynichManuscript_daisy.smil#p_00174"> ,f.^4*.„.*.ov</p>
        <p id="p_00175" smilref="TheVoynichManuscript_daisy.smil#p_00174"/>
        <p id="p_00176" smilref="TheVoynichManuscript_daisy.smil#p_00174"/>
        <p id="p_00177" smilref="TheVoynichManuscript_daisy.smil#p_00177"> ^'</p>
        <p id="p_00178" smilref="TheVoynichManuscript_daisy.smil#p_00178"> m</p>
        <p id="p_00179" smilref="TheVoynichManuscript_daisy.smil#p_00179"> »</p>
        <p id="p_00180" smilref="TheVoynichManuscript_daisy.smil#p_00180"> rr'</p>
        <p id="p_00181" smilref="TheVoynichManuscript_daisy.smil#p_00181"> T</p>
        <p id="p_00182" smilref="TheVoynichManuscript_daisy.smil#p_00182"> I</p>
        <p id="p_00183" smilref="TheVoynichManuscript_daisy.smil#p_00183"> ' H</p>
        <p id="p_00184" smilref="TheVoynichManuscript_daisy.smil#p_00184"> J.</p>
        <p id="p_00185" smilref="TheVoynichManuscript_daisy.smil#p_00184"/>
        <p id="p_00186" smilref="TheVoynichManuscript_daisy.smil#p_00184"/>
        <p id="p_00187" smilref="TheVoynichManuscript_daisy.smil#p_00184"/>
        <p id="p_00188" smilref="TheVoynichManuscript_daisy.smil#p_00184"/>
        <p id="p_00189" smilref="TheVoynichManuscript_daisy.smil#p_00184"/>
        <p id="p_00190" smilref="TheVoynichManuscript_daisy.smil#p_00184"/>
        <p id="p_00191" smilref="TheVoynichManuscript_daisy.smil#p_00191"> ■■</p>
        <p id="p_00192" smilref="TheVoynichManuscript_daisy.smil#p_00192"> J</p>
        <p id="p_00193" smilref="TheVoynichManuscript_daisy.smil#p_00192"/>
        <p id="p_00194" smilref="TheVoynichManuscript_daisy.smil#p_00192"/>
        <p id="p_00195" smilref="TheVoynichManuscript_daisy.smil#p_00195"> it</p>
        <p id="p_00196" smilref="TheVoynichManuscript_daisy.smil#p_00196"> ISi-iW/-'-' f ■^'•.»''.:     I</p>
        <p id="p_00197" smilref="TheVoynichManuscript_daisy.smil#p_00197"> ■-■ i</p>
        <p id="p_00198" smilref="TheVoynichManuscript_daisy.smil#p_00198"> .^^n&gt;,</p>
        <p id="p_00199" smilref="TheVoynichManuscript_daisy.smil#p_00198"/>
        <p id="p_00200" smilref="TheVoynichManuscript_daisy.smil#p_00200"> ►^*  f</p>
        <p id="p_00201" smilref="TheVoynichManuscript_daisy.smil#p_00201"> f</p>
        <p id="p_00202" smilref="TheVoynichManuscript_daisy.smil#p_00201"/>
        <p id="p_00203" smilref="TheVoynichManuscript_daisy.smil#p_00203"> «</p>
        <p id="p_00204" smilref="TheVoynichManuscript_daisy.smil#p_00204"> l^\i.^</p>
        <p id="p_00205" smilref="TheVoynichManuscript_daisy.smil#p_00204"/>
        <p id="p_00206" smilref="TheVoynichManuscript_daisy.smil#p_00206"> &lt;^--»K-*'\^  / i</p>
        <p id="p_00207" smilref="TheVoynichManuscript_daisy.smil#p_00207"> M;</p>
        <p id="p_00208" smilref="TheVoynichManuscript_daisy.smil#p_00207"/>
        <p id="p_00209" smilref="TheVoynichManuscript_daisy.smil#p_00207"/>
        <p id="p_00210" smilref="TheVoynichManuscript_daisy.smil#p_00207"/>
        <p id="p_00211" smilref="TheVoynichManuscript_daisy.smil#p_00207"/>
        <p id="p_00212" smilref="TheVoynichManuscript_daisy.smil#p_00212"> ;^</p>
        <p id="p_00213" smilref="TheVoynichManuscript_daisy.smil#p_00213"> v^?-r^</p>
        <p id="p_00214" smilref="TheVoynichManuscript_daisy.smil#p_00213"/>
        <p id="p_00215" smilref="TheVoynichManuscript_daisy.smil#p_00215"> t</p>
        <p id="p_00216" smilref="TheVoynichManuscript_daisy.smil#p_00216"> /-/j" ^„ ^C^'^f'" „rfi; ^V*</p>
        <p id="p_00217" smilref="TheVoynichManuscript_daisy.smil#p_00217"> O</p>
        <p id="p_00218" smilref="TheVoynichManuscript_daisy.smil#p_00218"> V]%^^</p>
        <p id="p_00219" smilref="TheVoynichManuscript_daisy.smil#p_00219"> f*^ifm^s!</p>
        <p id="p_00220" smilref="TheVoynichManuscript_daisy.smil#p_00219"/>
        <p id="p_00221" smilref="TheVoynichManuscript_daisy.smil#p_00219"/>
        <p id="p_00222" smilref="TheVoynichManuscript_daisy.smil#p_00219"/>
        <p id="p_00223" smilref="TheVoynichManuscript_daisy.smil#p_00219"/>
        <p id="p_00224" smilref="TheVoynichManuscript_daisy.smil#p_00224"> 'S^^</p>
        <p id="p_00225" smilref="TheVoynichManuscript_daisy.smil#p_00225"> *^&gt;*^'^/</p>
        <p id="p_00226" smilref="TheVoynichManuscript_daisy.smil#p_00226"> ^W^'^''</p>
        <p id="p_00227" smilref="TheVoynichManuscript_daisy.smil#p_00227"> J'.?''</p>
        <p id="p_00228" smilref="TheVoynichManuscript_daisy.smil#p_00228"> ':wl</p>
        <p id="p_00229" smilref="TheVoynichManuscript_daisy.smil#p_00229"> of., ......,,^,.^ \*^Tfo ..„/^ 4»</p>
        <p id="p_00230" smilref="TheVoynichManuscript_daisy.smil#p_00229"/>
        <p id="p_00231" smilref="TheVoynichManuscript_daisy.smil#p_00229"/>
        <p id="p_00232" smilref="TheVoynichManuscript_daisy.smil#p_00229"/>
        <p id="p_00233" smilref="TheVoynichManuscript_daisy.smil#p_00229"/>
        <p id="p_00234" smilref="TheVoynichManuscript_daisy.smil#p_00234"> ''/</p>
        <p id="p_00235" smilref="TheVoynichManuscript_daisy.smil#p_00235"> r</p>
        <p id="p_00236" smilref="TheVoynichManuscript_daisy.smil#p_00235"/>
        <p id="p_00237" smilref="TheVoynichManuscript_daisy.smil#p_00237"> 1^^</p>
        <p id="p_00238" smilref="TheVoynichManuscript_daisy.smil#p_00238"> f I</p>
        <p id="p_00239" smilref="TheVoynichManuscript_daisy.smil#p_00239"> p^,</p>
        <p id="p_00240" smilref="TheVoynichManuscript_daisy.smil#p_00240"> -^^</p>
        <p id="p_00241" smilref="TheVoynichManuscript_daisy.smil#p_00241"> ~^^%.a.;</p>
        <p id="p_00242" smilref="TheVoynichManuscript_daisy.smil#p_00241"/>
        <p id="p_00243" smilref="TheVoynichManuscript_daisy.smil#p_00243"> '^ I "^</p>
        <p id="p_00244" smilref="TheVoynichManuscript_daisy.smil#p_00244"> r,  f..,..,„.a;.^-'^</p>
        <p id="p_00245" smilref="TheVoynichManuscript_daisy.smil#p_00244"/>
        <p id="p_00246" smilref="TheVoynichManuscript_daisy.smil#p_00246"> '■■  '■■r^.'.'K^^g</p>
        <p id="p_00247" smilref="TheVoynichManuscript_daisy.smil#p_00247"> »  ^11J \f«'Tu,"'r</p>
        <p id="p_00248" smilref="TheVoynichManuscript_daisy.smil#p_00248"> tL  /e?„R,^</p>
        <p id="p_00249" smilref="TheVoynichManuscript_daisy.smil#p_00248"/>
        <p id="p_00250" smilref="TheVoynichManuscript_daisy.smil#p_00250"> ctft^, % -« .r« 4=fc i-C^M *'</p>
        <p id="p_00251" smilref="TheVoynichManuscript_daisy.smil#p_00251"> A</p>
        <p id="p_00252" smilref="TheVoynichManuscript_daisy.smil#p_00252"> i ;'  „is.  ^U  "'«"  "^"^m</p>
        <p id="p_00253" smilref="TheVoynichManuscript_daisy.smil#p_00252"/>
        <p id="p_00254" smilref="TheVoynichManuscript_daisy.smil#p_00254"> &lt;^^</p>
        <p id="p_00255" smilref="TheVoynichManuscript_daisy.smil#p_00254"/>
        <p id="p_00256" smilref="TheVoynichManuscript_daisy.smil#p_00256"> %</p>
        <p id="p_00257" smilref="TheVoynichManuscript_daisy.smil#p_00257"> M^T</p>
        <p id="p_00258" smilref="TheVoynichManuscript_daisy.smil#p_00258"> '^YW'</p>
        <p id="p_00259" smilref="TheVoynichManuscript_daisy.smil#p_00258"/>
        <p id="p_00260" smilref="TheVoynichManuscript_daisy.smil#p_00260"> 7,;..   Jf„«   r,J..   /.&gt;..   .ft"-*".  ''^f.I</p>
        <p id="p_00261" smilref="TheVoynichManuscript_daisy.smil#p_00260"/>
        <p id="p_00262" smilref="TheVoynichManuscript_daisy.smil#p_00262"> jk</p>
        <p id="p_00263" smilref="TheVoynichManuscript_daisy.smil#p_00262"/>
        <p id="p_00264" smilref="TheVoynichManuscript_daisy.smil#p_00262"/>
        <p id="p_00265" smilref="TheVoynichManuscript_daisy.smil#p_00265"> ■'^^^^</p>
        <p id="p_00266" smilref="TheVoynichManuscript_daisy.smil#p_00265"/>
        <p id="p_00267" smilref="TheVoynichManuscript_daisy.smil#p_00265"/>
        <p id="p_00268" smilref="TheVoynichManuscript_daisy.smil#p_00265"/>
        <p id="p_00269" smilref="TheVoynichManuscript_daisy.smil#p_00265"/>
        <p id="p_00270" smilref="TheVoynichManuscript_daisy.smil#p_00270"> .&gt;</p>
        <p id="p_00271" smilref="TheVoynichManuscript_daisy.smil#p_00271"> Hm^&amp;m</p>
        <p id="p_00272" smilref="TheVoynichManuscript_daisy.smil#p_00272"> ■I</p>
        <p id="p_00273" smilref="TheVoynichManuscript_daisy.smil#p_00272"/>
        <p id="p_00274" smilref="TheVoynichManuscript_daisy.smil#p_00272"/>
        <p id="p_00275" smilref="TheVoynichManuscript_daisy.smil#p_00275"> f^</p>
        <p id="p_00276" smilref="TheVoynichManuscript_daisy.smil#p_00276"> H</p>
        <p id="p_00277" smilref="TheVoynichManuscript_daisy.smil#p_00277"> ^^^- ••'■  ■^-'"  ,. ^   ':*</p>
        <p id="p_00278" smilref="TheVoynichManuscript_daisy.smil#p_00278"> &gt;k-</p>
        <p id="p_00279" smilref="TheVoynichManuscript_daisy.smil#p_00279"> lt.^4 *../«/.&lt; ^ICj „.V, &gt;„, Jf.^  £^  ,.</p>
        <p id="p_00280" smilref="TheVoynichManuscript_daisy.smil#p_00280"> I;^..:     .1... .  .-A.v    ^.^..^a.;;  &lt;Md^C  #}&amp;Jlftff    JVor'-'-''     -</p>
        <p id="p_00281" smilref="TheVoynichManuscript_daisy.smil#p_00280"/>
        <p id="p_00282" smilref="TheVoynichManuscript_daisy.smil#p_00280"/>
        <p id="p_00283" smilref="TheVoynichManuscript_daisy.smil#p_00283"> - .tT^k^'rt?/:?^</p>
        <p id="p_00284" smilref="TheVoynichManuscript_daisy.smil#p_00284"> ■^</p>
        <p id="p_00285" smilref="TheVoynichManuscript_daisy.smil#p_00284"/>
        <p id="p_00286" smilref="TheVoynichManuscript_daisy.smil#p_00284"/>
        <p id="p_00287" smilref="TheVoynichManuscript_daisy.smil#p_00287"> ddtt*</p>
        <p id="p_00288" smilref="TheVoynichManuscript_daisy.smil#p_00288"> ^^^m</p>
        <p id="p_00289" smilref="TheVoynichManuscript_daisy.smil#p_00289"> % #.</p>
        <p id="p_00290" smilref="TheVoynichManuscript_daisy.smil#p_00290"> I</p>
        <p id="p_00291" smilref="TheVoynichManuscript_daisy.smil#p_00291"> i</p>
        <p id="p_00292" smilref="TheVoynichManuscript_daisy.smil#p_00291"/>
        <p id="p_00293" smilref="TheVoynichManuscript_daisy.smil#p_00291"/>
        <p id="p_00294" smilref="TheVoynichManuscript_daisy.smil#p_00291"/>
        <p id="p_00295" smilref="TheVoynichManuscript_daisy.smil#p_00295"> h-^'   i   U^..% A^,</p>
        <p id="p_00296" smilref="TheVoynichManuscript_daisy.smil#p_00296"> A.p,.:^ ^^^,t^  f,;,'</p>
        <p id="p_00297" smilref="TheVoynichManuscript_daisy.smil#p_00296"/>
        <p id="p_00298" smilref="TheVoynichManuscript_daisy.smil#p_00298"> &gt;-rp:.</p>
        <p id="p_00299" smilref="TheVoynichManuscript_daisy.smil#p_00298"/>
        <p id="p_00300" smilref="TheVoynichManuscript_daisy.smil#p_00300"> -i*-</p>
        <p id="p_00301" smilref="TheVoynichManuscript_daisy.smil#p_00300"/>
        <p id="p_00302" smilref="TheVoynichManuscript_daisy.smil#p_00302"> ■^i</p>
        <p id="p_00303" smilref="TheVoynichManuscript_daisy.smil#p_00303"> K.</p>
        <p id="p_00304" smilref="TheVoynichManuscript_daisy.smil#p_00304"> T^.   •"</p>
        <p id="p_00305" smilref="TheVoynichManuscript_daisy.smil#p_00305"> '^</p>
        <p id="p_00306" smilref="TheVoynichManuscript_daisy.smil#p_00305"/>
        <p id="p_00307" smilref="TheVoynichManuscript_daisy.smil#p_00305"/>
        <p id="p_00308" smilref="TheVoynichManuscript_daisy.smil#p_00308"> ■itt</p>
        <p id="p_00309" smilref="TheVoynichManuscript_daisy.smil#p_00308"/>
        <p id="p_00310" smilref="TheVoynichManuscript_daisy.smil#p_00310"> ^^*- ^.</p>
        <p id="p_00311" smilref="TheVoynichManuscript_daisy.smil#p_00311"> ^-</p>
        <p id="p_00312" smilref="TheVoynichManuscript_daisy.smil#p_00312"> e</p>
        <p id="p_00313" smilref="TheVoynichManuscript_daisy.smil#p_00312"/>
        <p id="p_00314" smilref="TheVoynichManuscript_daisy.smil#p_00312"/>
        <p id="p_00315" smilref="TheVoynichManuscript_daisy.smil#p_00315"> L^. ^'^</p>
        <p id="p_00316" smilref="TheVoynichManuscript_daisy.smil#p_00316"> t?&gt;^</p>
        <p id="p_00317" smilref="TheVoynichManuscript_daisy.smil#p_00316"/>
        <p id="p_00318" smilref="TheVoynichManuscript_daisy.smil#p_00316"/>
        <p id="p_00319" smilref="TheVoynichManuscript_daisy.smil#p_00316"/>
        <p id="p_00320" smilref="TheVoynichManuscript_daisy.smil#p_00320"> -.' -r"--</p>
        <p id="p_00321" smilref="TheVoynichManuscript_daisy.smil#p_00320"/>
        <p id="p_00322" smilref="TheVoynichManuscript_daisy.smil#p_00320"/>
        <p id="p_00323" smilref="TheVoynichManuscript_daisy.smil#p_00323"> '''V /i</p>
        <p id="p_00324" smilref="TheVoynichManuscript_daisy.smil#p_00324"> 1^</p>
        <p id="p_00325" smilref="TheVoynichManuscript_daisy.smil#p_00325"> •4f-      -Si</p>
        <p id="p_00326" smilref="TheVoynichManuscript_daisy.smil#p_00326"> ) /</p>
        <p id="p_00327" smilref="TheVoynichManuscript_daisy.smil#p_00327"> t     "^</p>
        <p id="p_00328" smilref="TheVoynichManuscript_daisy.smil#p_00328"> 1^1</p>
        <p id="p_00329" smilref="TheVoynichManuscript_daisy.smil#p_00328"/>
        <p id="p_00330" smilref="TheVoynichManuscript_daisy.smil#p_00328"/>
        <p id="p_00331" smilref="TheVoynichManuscript_daisy.smil#p_00328"/>
        <p id="p_00332" smilref="TheVoynichManuscript_daisy.smil#p_00332"> " T^J^^«  •^"••- •'"•'i^''  '^f"^'«</p>
        <p id="p_00333" smilref="TheVoynichManuscript_daisy.smil#p_00332"/>
        <p id="p_00334" smilref="TheVoynichManuscript_daisy.smil#p_00334"> t</p>
        <p id="p_00335" smilref="TheVoynichManuscript_daisy.smil#p_00335"> m-'"</p>
        <p id="p_00336" smilref="TheVoynichManuscript_daisy.smil#p_00335"/>
        <p id="p_00337" smilref="TheVoynichManuscript_daisy.smil#p_00335"/>
        <p id="p_00338" smilref="TheVoynichManuscript_daisy.smil#p_00338"> f^"'</p>
        <p id="p_00339" smilref="TheVoynichManuscript_daisy.smil#p_00339"> TS"-••.»# t'-v</p>
        <p id="p_00340" smilref="TheVoynichManuscript_daisy.smil#p_00339"/>
        <p id="p_00341" smilref="TheVoynichManuscript_daisy.smil#p_00341"> W0:,</p>
        <p id="p_00342" smilref="TheVoynichManuscript_daisy.smil#p_00341"/>
        <p id="p_00343" smilref="TheVoynichManuscript_daisy.smil#p_00343"> ■,,&gt;/</p>
        <p id="p_00344" smilref="TheVoynichManuscript_daisy.smil#p_00344"> ^/</p>
        <p id="p_00345" smilref="TheVoynichManuscript_daisy.smil#p_00345"> ■y  't-la^*'   4 -.</p>
        <p id="p_00346" smilref="TheVoynichManuscript_daisy.smil#p_00346"> &gt;CI</p>
        <p id="p_00347" smilref="TheVoynichManuscript_daisy.smil#p_00347"> ^</p>
        <p id="p_00348" smilref="TheVoynichManuscript_daisy.smil#p_00348"> ■^^</p>
        <p id="p_00349" smilref="TheVoynichManuscript_daisy.smil#p_00349"> s</p>
        <p id="p_00350" smilref="TheVoynichManuscript_daisy.smil#p_00350"> .^"^^</p>
        <p id="p_00351" smilref="TheVoynichManuscript_daisy.smil#p_00351"> 1</p>
        <p id="p_00352" smilref="TheVoynichManuscript_daisy.smil#p_00352"> dB^.</p>
        <p id="p_00353" smilref="TheVoynichManuscript_daisy.smil#p_00353"> t •^j* '^■* 1""^^ ^^""If "-c^N- r -^ "'V riCl' ^- ^x ^- V *^   * ^" „ r isf^</p>
        <p id="p_00354" smilref="TheVoynichManuscript_daisy.smil#p_00354"> ■1^"  f-y^      C    ",  If   If   t^  fl</p>
        <p id="p_00355" smilref="TheVoynichManuscript_daisy.smil#p_00354"/>
        <p id="p_00356" smilref="TheVoynichManuscript_daisy.smil#p_00356"> ^.^ "^r-- i;f^--^ ^'^. -«? ^^'= "*i'r.«lri^</p>
        <p id="p_00357" smilref="TheVoynichManuscript_daisy.smil#p_00356"/>
        <p id="p_00358" smilref="TheVoynichManuscript_daisy.smil#p_00358"> ".^vr'i?"!-</p>
        <p id="p_00359" smilref="TheVoynichManuscript_daisy.smil#p_00358"/>
        <p id="p_00360" smilref="TheVoynichManuscript_daisy.smil#p_00360"> /J 1</p>
        <p id="p_00361" smilref="TheVoynichManuscript_daisy.smil#p_00361"> ^'</p>
        <p id="p_00362" smilref="TheVoynichManuscript_daisy.smil#p_00361"/>
        <p id="p_00363" smilref="TheVoynichManuscript_daisy.smil#p_00361"/>
        <p id="p_00364" smilref="TheVoynichManuscript_daisy.smil#p_00364"> ■I</p>
        <p id="p_00365" smilref="TheVoynichManuscript_daisy.smil#p_00364"/>
        <p id="p_00366" smilref="TheVoynichManuscript_daisy.smil#p_00364"/>
        <p id="p_00367" smilref="TheVoynichManuscript_daisy.smil#p_00364"/>
        <p id="p_00368" smilref="TheVoynichManuscript_daisy.smil#p_00368"> if„'!ref r^-^Tcfcf" ^::;. ;V; ';it ^?,</p>
        <p id="p_00369" smilref="TheVoynichManuscript_daisy.smil#p_00368"/>
        <p id="p_00370" smilref="TheVoynichManuscript_daisy.smil#p_00370"> 1. ff.,/r.«.J'.otV,».</p>
        <p id="p_00371" smilref="TheVoynichManuscript_daisy.smil#p_00371"> 'M</p>
        <p id="p_00372" smilref="TheVoynichManuscript_daisy.smil#p_00372"> ^^</p>
        <p id="p_00373" smilref="TheVoynichManuscript_daisy.smil#p_00373"> ^.</p>
        <p id="p_00374" smilref="TheVoynichManuscript_daisy.smil#p_00373"/>
        <p id="p_00375" smilref="TheVoynichManuscript_daisy.smil#p_00373"/>
        <p id="p_00376" smilref="TheVoynichManuscript_daisy.smil#p_00373"/>
        <p id="p_00377" smilref="TheVoynichManuscript_daisy.smil#p_00377"> ':'r 'Jb£3:;</p>
        <p id="p_00378" smilref="TheVoynichManuscript_daisy.smil#p_00378"> €# ,'^.i!rx;.\,   -</p>
        <p id="p_00379" smilref="TheVoynichManuscript_daisy.smil#p_00378"/>
        <p id="p_00380" smilref="TheVoynichManuscript_daisy.smil#p_00378"/>
        <p id="p_00381" smilref="TheVoynichManuscript_daisy.smil#p_00378"/>
        <p id="p_00382" smilref="TheVoynichManuscript_daisy.smil#p_00382"> *f</p>
        <p id="p_00383" smilref="TheVoynichManuscript_daisy.smil#p_00382"/>
        <p id="p_00384" smilref="TheVoynichManuscript_daisy.smil#p_00384"> ,tlU.  Z^</p>
        <p id="p_00385" smilref="TheVoynichManuscript_daisy.smil#p_00385"> ■ft.</p>
        <p id="p_00386" smilref="TheVoynichManuscript_daisy.smil#p_00386"> ^^f</p>
        <p id="p_00387" smilref="TheVoynichManuscript_daisy.smil#p_00387"> *irf</p>
        <p id="p_00388" smilref="TheVoynichManuscript_daisy.smil#p_00387"/>
        <p id="p_00389" smilref="TheVoynichManuscript_daisy.smil#p_00389"> ^a^^i^</p>
        <p id="p_00390" smilref="TheVoynichManuscript_daisy.smil#p_00389"/>
        <p id="p_00391" smilref="TheVoynichManuscript_daisy.smil#p_00389"/>
        <p id="p_00392" smilref="TheVoynichManuscript_daisy.smil#p_00392"> r^ 'f  ^-^  f^" ::'T</p>
        <p id="p_00393" smilref="TheVoynichManuscript_daisy.smil#p_00393"> .'^ f ^Y„'</p>
        <p id="p_00394" smilref="TheVoynichManuscript_daisy.smil#p_00394"> '{</p>
        <p id="p_00395" smilref="TheVoynichManuscript_daisy.smil#p_00394"/>
        <p id="p_00396" smilref="TheVoynichManuscript_daisy.smil#p_00394"/>
        <p id="p_00397" smilref="TheVoynichManuscript_daisy.smil#p_00397"> f</p>
        <p id="p_00398" smilref="TheVoynichManuscript_daisy.smil#p_00398"> :</p>
        <p id="p_00399" smilref="TheVoynichManuscript_daisy.smil#p_00399"> (</p>
        <p id="p_00400" smilref="TheVoynichManuscript_daisy.smil#p_00400"> I   ,tf    It  Tf^</p>
        <p id="p_00401" smilref="TheVoynichManuscript_daisy.smil#p_00401"> "    &lt;f        It   f   ^&gt;</p>
        <p id="p_00402" smilref="TheVoynichManuscript_daisy.smil#p_00402"> -^IM</p>
        <p id="p_00403" smilref="TheVoynichManuscript_daisy.smil#p_00402"/>
        <p id="p_00404" smilref="TheVoynichManuscript_daisy.smil#p_00404"> •toffi-c JrLrr-4? oi''»f^r  °,'"77^'  ■^'"</p>
        <p id="p_00405" smilref="TheVoynichManuscript_daisy.smil#p_00405"> •I</p>
        <p id="p_00406" smilref="TheVoynichManuscript_daisy.smil#p_00406"> L;</p>
        <p id="p_00407" smilref="TheVoynichManuscript_daisy.smil#p_00407"> ♦"""V." , „«ffis,'' r'l i^'Atu.'j *'«■  "^1  **&gt;'°' "i?!</p>
        <p id="p_00408" smilref="TheVoynichManuscript_daisy.smil#p_00408"> I        '   i^ 1, 0- J-, c'^1  '^tK, &lt;c.*&lt;\« l^ll If D</p>
        <p id="p_00409" smilref="TheVoynichManuscript_daisy.smil#p_00408"/>
        <p id="p_00410" smilref="TheVoynichManuscript_daisy.smil#p_00410"> ^lytiLt</p>
        <p id="p_00411" smilref="TheVoynichManuscript_daisy.smil#p_00410"/>
        <p id="p_00412" smilref="TheVoynichManuscript_daisy.smil#p_00410"/>
        <p id="p_00413" smilref="TheVoynichManuscript_daisy.smil#p_00413"> 7    ^-,    -      -  Ti-T*</p>
        <p id="p_00414" smilref="TheVoynichManuscript_daisy.smil#p_00413"/>
        <p id="p_00415" smilref="TheVoynichManuscript_daisy.smil#p_00415"> •*       - i,   *.««-.     Off     i, ^ff       i    „v</p>
        <p id="p_00416" smilref="TheVoynichManuscript_daisy.smil#p_00416"> t ^^l.</p>
        <p id="p_00417" smilref="TheVoynichManuscript_daisy.smil#p_00417"> ^ba.</p>
        <p id="p_00418" smilref="TheVoynichManuscript_daisy.smil#p_00417"/>
        <p id="p_00419" smilref="TheVoynichManuscript_daisy.smil#p_00419"> «*   ^■&lt;'", 2„~'  "m;  '*«•  -#7^ rf  j:^  "^</p>
        <p id="p_00420" smilref="TheVoynichManuscript_daisy.smil#p_00419"/>
        <p id="p_00421" smilref="TheVoynichManuscript_daisy.smil#p_00421"> n</p>
        <p id="p_00422" smilref="TheVoynichManuscript_daisy.smil#p_00422"> w</p>
        <p id="p_00423" smilref="TheVoynichManuscript_daisy.smil#p_00423"> .T   «</p>
        <p id="p_00424" smilref="TheVoynichManuscript_daisy.smil#p_00424"> S-</p>
        <p id="p_00425" smilref="TheVoynichManuscript_daisy.smil#p_00424"/>
        <p id="p_00426" smilref="TheVoynichManuscript_daisy.smil#p_00426"> 'M^^k</p>
        <p id="p_00427" smilref="TheVoynichManuscript_daisy.smil#p_00426"/>
        <p id="p_00428" smilref="TheVoynichManuscript_daisy.smil#p_00428"> [^'1 V„S^  -tt^   -*(,«'&amp;,       ?  2  l" •')|(^ .  if^i «ll   *</p>
        <p id="p_00429" smilref="TheVoynichManuscript_daisy.smil#p_00429"> ji</p>
        <p id="p_00430" smilref="TheVoynichManuscript_daisy.smil#p_00429"/>
        <p id="p_00431" smilref="TheVoynichManuscript_daisy.smil#p_00431"> A^</p>
        <p id="p_00432" smilref="TheVoynichManuscript_daisy.smil#p_00432"> pw</p>
        <p id="p_00433" smilref="TheVoynichManuscript_daisy.smil#p_00432"/>
        <p id="p_00434" smilref="TheVoynichManuscript_daisy.smil#p_00434"> ^f</p>
        <p id="p_00435" smilref="TheVoynichManuscript_daisy.smil#p_00435"> J!</p>
        <p id="p_00436" smilref="TheVoynichManuscript_daisy.smil#p_00436"> ^tm</p>
        <p id="p_00437" smilref="TheVoynichManuscript_daisy.smil#p_00437"> s^</p>
        <p id="p_00438" smilref="TheVoynichManuscript_daisy.smil#p_00438"> mi</p>
        <p id="p_00439" smilref="TheVoynichManuscript_daisy.smil#p_00438"/>
        <p id="p_00440" smilref="TheVoynichManuscript_daisy.smil#p_00438"/>
        <p id="p_00441" smilref="TheVoynichManuscript_daisy.smil#p_00441"> U</p>
        <p id="p_00442" smilref="TheVoynichManuscript_daisy.smil#p_00442"> T</p>
        <p id="p_00443" smilref="TheVoynichManuscript_daisy.smil#p_00443"> -S'/y  *• ''</p>
        <p id="p_00444" smilref="TheVoynichManuscript_daisy.smil#p_00444"> "rCoEt oC«17-; .rC</p>
        <p id="p_00445" smilref="TheVoynichManuscript_daisy.smil#p_00445"> r^o   *o     cx.iat   *«&lt;&gt;*    ^Xf</p>
        <p id="p_00446" smilref="TheVoynichManuscript_daisy.smil#p_00445"/>
        <p id="p_00447" smilref="TheVoynichManuscript_daisy.smil#p_00445"/>
        <p id="p_00448" smilref="TheVoynichManuscript_daisy.smil#p_00448"> ,/ ^e</p>
        <p id="p_00449" smilref="TheVoynichManuscript_daisy.smil#p_00449"> ^^  W^   X«.« ^,/..,  .^,    r   ^   ,   .</p>
        <p id="p_00450" smilref="TheVoynichManuscript_daisy.smil#p_00449"/>
        <p id="p_00451" smilref="TheVoynichManuscript_daisy.smil#p_00449"/>
        <p id="p_00452" smilref="TheVoynichManuscript_daisy.smil#p_00452"> T</p>
        <p id="p_00453" smilref="TheVoynichManuscript_daisy.smil#p_00453"> W  %o</p>
        <p id="p_00454" smilref="TheVoynichManuscript_daisy.smil#p_00454"> ^Hhi^riBsaHMa</p>
        <p id="p_00455" smilref="TheVoynichManuscript_daisy.smil#p_00454"/>
        <p id="p_00456" smilref="TheVoynichManuscript_daisy.smil#p_00456"> \i</p>
        <p id="p_00457" smilref="TheVoynichManuscript_daisy.smil#p_00457"> ■tf,,^</p>
        <p id="p_00458" smilref="TheVoynichManuscript_daisy.smil#p_00457"/>
        <p id="p_00459" smilref="TheVoynichManuscript_daisy.smil#p_00459"> i        *</p>
        <p id="p_00460" smilref="TheVoynichManuscript_daisy.smil#p_00460"> ^i</p>
        <p id="p_00461" smilref="TheVoynichManuscript_daisy.smil#p_00461"> ..i.e.    :■</p>
        <p id="p_00462" smilref="TheVoynichManuscript_daisy.smil#p_00462"> ffii^</p>
        <p id="p_00463" smilref="TheVoynichManuscript_daisy.smil#p_00463"> ♦    '</p>
        <p id="p_00464" smilref="TheVoynichManuscript_daisy.smil#p_00463"/>
        <p id="p_00465" smilref="TheVoynichManuscript_daisy.smil#p_00463"/>
        <p id="p_00466" smilref="TheVoynichManuscript_daisy.smil#p_00466"> [\p    ^ «</p>
        <p id="p_00467" smilref="TheVoynichManuscript_daisy.smil#p_00466"/>
        <p id="p_00468" smilref="TheVoynichManuscript_daisy.smil#p_00468"> asms</p>
        <p id="p_00469" smilref="TheVoynichManuscript_daisy.smil#p_00469"> 4^' 5</p>
        <p id="p_00470" smilref="TheVoynichManuscript_daisy.smil#p_00470"> T?„</p>
        <p id="p_00471" smilref="TheVoynichManuscript_daisy.smil#p_00471"> t-'        ^</p>
        <p id="p_00472" smilref="TheVoynichManuscript_daisy.smil#p_00472"> ^'#S^^</p>
        <p id="p_00473" smilref="TheVoynichManuscript_daisy.smil#p_00473"> ^^N,^ii^S</p>
        <p id="p_00474" smilref="TheVoynichManuscript_daisy.smil#p_00473"/>
        <p id="p_00475" smilref="TheVoynichManuscript_daisy.smil#p_00475"> It^:^</p>
        <p id="p_00476" smilref="TheVoynichManuscript_daisy.smil#p_00476"> 4»      /rn'yTZi)</p>
        <p id="p_00477" smilref="TheVoynichManuscript_daisy.smil#p_00476"/>
        <p id="p_00478" smilref="TheVoynichManuscript_daisy.smil#p_00476"/>
        <p id="p_00479" smilref="TheVoynichManuscript_daisy.smil#p_00479"> Jj^        ^y^'</p>
        <p id="p_00480" smilref="TheVoynichManuscript_daisy.smil#p_00480"> 1      'i</p>
        <p id="p_00481" smilref="TheVoynichManuscript_daisy.smil#p_00481"> (</p>
        <p id="p_00482" smilref="TheVoynichManuscript_daisy.smil#p_00482"> ■'^</p>
        <p id="p_00483" smilref="TheVoynichManuscript_daisy.smil#p_00483"> J t,-</p>
        <p id="p_00484" smilref="TheVoynichManuscript_daisy.smil#p_00484"> /..If -i,-^"  *f^j  ""^  f'  -»;' .,^ If j./j 't, ^„</p>
        <p id="p_00485" smilref="TheVoynichManuscript_daisy.smil#p_00485"> 'M'</p>
        <p id="p_00486" smilref="TheVoynichManuscript_daisy.smil#p_00486"> ^'</p>
        <p id="p_00487" smilref="TheVoynichManuscript_daisy.smil#p_00486"/>
        <p id="p_00488" smilref="TheVoynichManuscript_daisy.smil#p_00486"/>
        <p id="p_00489" smilref="TheVoynichManuscript_daisy.smil#p_00489"> m</p>
        <p id="p_00490" smilref="TheVoynichManuscript_daisy.smil#p_00489"/>
        <p id="p_00491" smilref="TheVoynichManuscript_daisy.smil#p_00489"/>
        <p id="p_00492" smilref="TheVoynichManuscript_daisy.smil#p_00492"> -T^f*,..;.^-:^</p>
        <p id="p_00493" smilref="TheVoynichManuscript_daisy.smil#p_00493"> '^s&lt;..</p>
        <p id="p_00494" smilref="TheVoynichManuscript_daisy.smil#p_00494"> m¥MssmB</p>
        <p id="p_00495" smilref="TheVoynichManuscript_daisy.smil#p_00495"> ^</p>
        <p id="p_00496" smilref="TheVoynichManuscript_daisy.smil#p_00495"/>
        <p id="p_00497" smilref="TheVoynichManuscript_daisy.smil#p_00497"> -il'j</p>
        <p id="p_00498" smilref="TheVoynichManuscript_daisy.smil#p_00498"> '.Vf"^'?:'^</p>
        <p id="p_00499" smilref="TheVoynichManuscript_daisy.smil#p_00499"> t*„„s „,&lt;'fcf ,^ "-• «?^.»i/'</p>
        <p id="p_00500" smilref="TheVoynichManuscript_daisy.smil#p_00499"/>
        <p id="p_00501" smilref="TheVoynichManuscript_daisy.smil#p_00499"/>
        <p id="p_00502" smilref="TheVoynichManuscript_daisy.smil#p_00502"> "^1 I I'</p>
        <p id="p_00503" smilref="TheVoynichManuscript_daisy.smil#p_00503"> '"•if</p>
        <p id="p_00504" smilref="TheVoynichManuscript_daisy.smil#p_00504"> w</p>
        <p id="p_00505" smilref="TheVoynichManuscript_daisy.smil#p_00505"> a</p>
        <p id="p_00506" smilref="TheVoynichManuscript_daisy.smil#p_00505"/>
        <p id="p_00507" smilref="TheVoynichManuscript_daisy.smil#p_00505"/>
        <p id="p_00508" smilref="TheVoynichManuscript_daisy.smil#p_00505"/>
        <p id="p_00509" smilref="TheVoynichManuscript_daisy.smil#p_00509"> «* r</p>
        <p id="p_00510" smilref="TheVoynichManuscript_daisy.smil#p_00510"> f</p>
        <p id="p_00511" smilref="TheVoynichManuscript_daisy.smil#p_00511"> mr'^M</p>
        <p id="p_00512" smilref="TheVoynichManuscript_daisy.smil#p_00512"> ^J</p>
        <p id="p_00513" smilref="TheVoynichManuscript_daisy.smil#p_00513"> 'W</p>
        <p id="p_00514" smilref="TheVoynichManuscript_daisy.smil#p_00514"> '     dl'i'</p>
        <p id="p_00515" smilref="TheVoynichManuscript_daisy.smil#p_00515"> 5</p>
        <p id="p_00516" smilref="TheVoynichManuscript_daisy.smil#p_00515"/>
        <p id="p_00517" smilref="TheVoynichManuscript_daisy.smil#p_00515"/>
        <p id="p_00518" smilref="TheVoynichManuscript_daisy.smil#p_00518"> X, ,^ie..i '.^^JS</p>
        <p id="p_00519" smilref="TheVoynichManuscript_daisy.smil#p_00518"/>
        <p id="p_00520" smilref="TheVoynichManuscript_daisy.smil#p_00520"> ^  )</p>
        <p id="p_00521" smilref="TheVoynichManuscript_daisy.smil#p_00520"/>
        <p id="p_00522" smilref="TheVoynichManuscript_daisy.smil#p_00520"/>
        <p id="p_00523" smilref="TheVoynichManuscript_daisy.smil#p_00523"> ^r,; :;.i;"j^:, 7;^.,</p>
        <p id="p_00524" smilref="TheVoynichManuscript_daisy.smil#p_00524"> ' ^^" (^ «1 ^ i. w^ ,if„u) otr., ""■■♦s  '^-'^</p>
        <p id="p_00525" smilref="TheVoynichManuscript_daisy.smil#p_00525"> - K,,. t«tf-^ «^fc,  .,H,</p>
        <p id="p_00526" smilref="TheVoynichManuscript_daisy.smil#p_00526"> ri;?.:?.iv</p>
        <p id="p_00527" smilref="TheVoynichManuscript_daisy.smil#p_00527"> ^g</p>
        <p id="p_00528" smilref="TheVoynichManuscript_daisy.smil#p_00528"> "    1^^ "N""^ V*'" f'~« "''^-J "■'fcsi</p>
        <p id="p_00529" smilref="TheVoynichManuscript_daisy.smil#p_00529"> T</p>
        <p id="p_00530" smilref="TheVoynichManuscript_daisy.smil#p_00529"/>
        <p id="p_00531" smilref="TheVoynichManuscript_daisy.smil#p_00529"/>
        <p id="p_00532" smilref="TheVoynichManuscript_daisy.smil#p_00529"/>
        <p id="p_00533" smilref="TheVoynichManuscript_daisy.smil#p_00533"> ^.r^,=:</p>
        <p id="p_00534" smilref="TheVoynichManuscript_daisy.smil#p_00533"/>
        <p id="p_00535" smilref="TheVoynichManuscript_daisy.smil#p_00535"> '», ,i6;?» s</p>
        <p id="p_00536" smilref="TheVoynichManuscript_daisy.smil#p_00536"> U    *■./«#, ^(U, 4.t!     "1^^ ^      .7. J, „ 3 &lt;» «) lf.   •!&gt;&lt;!</p>
        <p id="p_00537" smilref="TheVoynichManuscript_daisy.smil#p_00537"> '        f   I.e.,     X^»   •&gt;     '    '^-l   •'"^•H'^lf      1</p>
        <p id="p_00538" smilref="TheVoynichManuscript_daisy.smil#p_00538"> . -t^^, i&lt;.««^</p>
        <p id="p_00539" smilref="TheVoynichManuscript_daisy.smil#p_00539"> 4t..l     1t J     %'*%!. 11</p>
        <p id="p_00540" smilref="TheVoynichManuscript_daisy.smil#p_00540"> ,tr_« &lt;&gt;.«i c4^ ^ir.   „ .tr^^. -p4t ^tf ^    r^j ,&gt; „ n«</p>
        <p id="p_00541" smilref="TheVoynichManuscript_daisy.smil#p_00541"> ^   ^</p>
        <p id="p_00542" smilref="TheVoynichManuscript_daisy.smil#p_00542"> fl „f</p>
        <p id="p_00543" smilref="TheVoynichManuscript_daisy.smil#p_00542"/>
        <p id="p_00544" smilref="TheVoynichManuscript_daisy.smil#p_00542"/>
        <p id="p_00545" smilref="TheVoynichManuscript_daisy.smil#p_00542"/>
        <p id="p_00546" smilref="TheVoynichManuscript_daisy.smil#p_00542"/>
        <p id="p_00547" smilref="TheVoynichManuscript_daisy.smil#p_00547"> "'tr/.</p>
        <p id="p_00548" smilref="TheVoynichManuscript_daisy.smil#p_00547"/>
        <p id="p_00549" smilref="TheVoynichManuscript_daisy.smil#p_00549"> ' ^</p>
        <p id="p_00550" smilref="TheVoynichManuscript_daisy.smil#p_00550"> Tc~S, cfo «"&lt;f, .i*') t** '^   '^</p>
        <p id="p_00551" smilref="TheVoynichManuscript_daisy.smil#p_00551"> .7. ? X i^C*") C" A If" •'«&lt;'wtt</p>
        <p id="p_00552" smilref="TheVoynichManuscript_daisy.smil#p_00551"/>
        <p id="p_00553" smilref="TheVoynichManuscript_daisy.smil#p_00553"> ^e</p>
        <p id="p_00554" smilref="TheVoynichManuscript_daisy.smil#p_00554"> ^</p>
        <p id="p_00555" smilref="TheVoynichManuscript_daisy.smil#p_00555"> *   f    "</p>
        <p id="p_00556" smilref="TheVoynichManuscript_daisy.smil#p_00556"> f      ^?r„    4      tf      Tf .lit   t«    *   tJ ftfr-    "-!/ l'^ «&gt;         '</p>
        <p id="p_00557" smilref="TheVoynichManuscript_daisy.smil#p_00557"> y/    \    "311</p>
        <p id="p_00558" smilref="TheVoynichManuscript_daisy.smil#p_00557"/>
        <p id="p_00559" smilref="TheVoynichManuscript_daisy.smil#p_00557"/>
        <p id="p_00560" smilref="TheVoynichManuscript_daisy.smil#p_00557"/>
        <p id="p_00561" smilref="TheVoynichManuscript_daisy.smil#p_00561"> ilM   i</p>
        <p id="p_00562" smilref="TheVoynichManuscript_daisy.smil#p_00561"/>
        <p id="p_00563" smilref="TheVoynichManuscript_daisy.smil#p_00561"/>
        <p id="p_00564" smilref="TheVoynichManuscript_daisy.smil#p_00561"/>
        <p id="p_00565" smilref="TheVoynichManuscript_daisy.smil#p_00561"/>
        <p id="p_00566" smilref="TheVoynichManuscript_daisy.smil#p_00566"> ^^^&amp;</p>
        <p id="p_00567" smilref="TheVoynichManuscript_daisy.smil#p_00567"> ^ t ^ 'rf.&gt;r^.r::^r''"'^"'f ;f':-v/v'</p>
        <p id="p_00568" smilref="TheVoynichManuscript_daisy.smil#p_00567"/>
        <p id="p_00569" smilref="TheVoynichManuscript_daisy.smil#p_00569"> ^ ^</p>
        <p id="p_00570" smilref="TheVoynichManuscript_daisy.smil#p_00569"/>
        <p id="p_00571" smilref="TheVoynichManuscript_daisy.smil#p_00571"> ■'      '^OuJ'   rfAU^ ^(£l&lt; 0?f"*5    "N</p>
        <p id="p_00572" smilref="TheVoynichManuscript_daisy.smil#p_00572"> "T</p>
        <p id="p_00573" smilref="TheVoynichManuscript_daisy.smil#p_00573"> !i</p>
        <p id="p_00574" smilref="TheVoynichManuscript_daisy.smil#p_00573"/>
        <p id="p_00575" smilref="TheVoynichManuscript_daisy.smil#p_00573"/>
        <p id="p_00576" smilref="TheVoynichManuscript_daisy.smil#p_00573"/>
        <p id="p_00577" smilref="TheVoynichManuscript_daisy.smil#p_00577"> -  \</p>
        <p id="p_00578" smilref="TheVoynichManuscript_daisy.smil#p_00578"> ■i^</p>
        <p id="p_00579" smilref="TheVoynichManuscript_daisy.smil#p_00579"> f.t....,</p>
        <p id="p_00580" smilref="TheVoynichManuscript_daisy.smil#p_00580"> :-*^;:"',iY;",.Jlif..r:;':.</p>
        <p id="p_00581" smilref="TheVoynichManuscript_daisy.smil#p_00581"> iyi-./SJzl, 2(J.,  life..,  "l-it:-.-'  In-. "■'"'"'</p>
        <p id="p_00582" smilref="TheVoynichManuscript_daisy.smil#p_00581"/>
        <p id="p_00583" smilref="TheVoynichManuscript_daisy.smil#p_00581"/>
        <p id="p_00584" smilref="TheVoynichManuscript_daisy.smil#p_00581"/>
        <p id="p_00585" smilref="TheVoynichManuscript_daisy.smil#p_00581"/>
        <p id="p_00586" smilref="TheVoynichManuscript_daisy.smil#p_00586"> .«, .jWe~«, ^iS^o  ».jL«  «&amp;</p>
        <p id="p_00587" smilref="TheVoynichManuscript_daisy.smil#p_00586"/>
        <p id="p_00588" smilref="TheVoynichManuscript_daisy.smil#p_00588"> SSr</p>
        <p id="p_00589" smilref="TheVoynichManuscript_daisy.smil#p_00588"/>
        <p id="p_00590" smilref="TheVoynichManuscript_daisy.smil#p_00590"> PU...^„..7»..</p>
        <p id="p_00591" smilref="TheVoynichManuscript_daisy.smil#p_00590"/>
        <p id="p_00592" smilref="TheVoynichManuscript_daisy.smil#p_00590"/>
        <p id="p_00593" smilref="TheVoynichManuscript_daisy.smil#p_00590"/>
        <p id="p_00594" smilref="TheVoynichManuscript_daisy.smil#p_00594"> .^. x...  ,</p>
        <p id="p_00595" smilref="TheVoynichManuscript_daisy.smil#p_00595"> .    ,    „.^  j,«U,^   .VL.^, ^«U.O  .:.cA4«  «-?»&lt;(   ^l</p>
        <p id="p_00596" smilref="TheVoynichManuscript_daisy.smil#p_00596"> :. -^.A? ^t.*, ,„*, ^« 1^-/1 *'^^'";jfLl'^x/^'t' /. ..c</p>
        <p id="p_00597" smilref="TheVoynichManuscript_daisy.smil#p_00597">  ^•'™   J.U&lt;xJV f."A) •f-.^BJ &lt;~S'-..-' Jt-'" ■»«"■'-"</p>
        <p id="p_00598" smilref="TheVoynichManuscript_daisy.smil#p_00598"> ""''   4..«2,.^«.!Ci-..T_J.   .-^--a^   ••' J. .n.-.-.J^.*? rfUvv^O   *-t«u,?   &lt;'-&lt;^   c«»dfa7</p>
        <p id="p_00599" smilref="TheVoynichManuscript_daisy.smil#p_00599"> *</p>
        <p id="p_00600" smilref="TheVoynichManuscript_daisy.smil#p_00600"> y</p>
        <p id="p_00601" smilref="TheVoynichManuscript_daisy.smil#p_00601"> -''  '": !</p>
        <p id="p_00602" smilref="TheVoynichManuscript_daisy.smil#p_00602"> tfr.rt</p>
        <p id="p_00603" smilref="TheVoynichManuscript_daisy.smil#p_00602"/>
        <p id="p_00604" smilref="TheVoynichManuscript_daisy.smil#p_00604"> .^i</p>
        <p id="p_00605" smilref="TheVoynichManuscript_daisy.smil#p_00605"> '-V"ir  ■^"'^'-^  c^tc,*,? ...J .tf«^«,^ '* l»i „tQ -H.1&amp;. jiri?^„ vK-^ 'f'l^ w^^^je.*,</p>
        <p id="p_00606" smilref="TheVoynichManuscript_daisy.smil#p_00606"> ::.r^.</p>
        <p id="p_00607" smilref="TheVoynichManuscript_daisy.smil#p_00607"> ^;^</p>
        <p id="p_00608" smilref="TheVoynichManuscript_daisy.smil#p_00608"> ;■,; Ai~'-' *'''r^ „^'"*3'  "k JoZ</p>
        <p id="p_00609" smilref="TheVoynichManuscript_daisy.smil#p_00609"> r&amp;f2.r/^i^&gt;^'«t'^"</p>
        <p id="p_00610" smilref="TheVoynichManuscript_daisy.smil#p_00610"> j^</p>
        <p id="p_00611" smilref="TheVoynichManuscript_daisy.smil#p_00611"> mi</p>
        <p id="p_00612" smilref="TheVoynichManuscript_daisy.smil#p_00611"/>
        <p id="p_00613" smilref="TheVoynichManuscript_daisy.smil#p_00613"> r</p>
        <p id="p_00614" smilref="TheVoynichManuscript_daisy.smil#p_00613"/>
        <p id="p_00615" smilref="TheVoynichManuscript_daisy.smil#p_00615"> IK</p>
        <p id="p_00616" smilref="TheVoynichManuscript_daisy.smil#p_00615"/>
        <p id="p_00617" smilref="TheVoynichManuscript_daisy.smil#p_00617"> — ---^^</p>
        <p id="p_00618" smilref="TheVoynichManuscript_daisy.smil#p_00618"> Br</p>
        <p id="p_00619" smilref="TheVoynichManuscript_daisy.smil#p_00619"> A.</p>
      </level1>
    </bodymatter>
    <rearmatter id="rearmatter_00620">
      <level1 id="level1_00621">
        <p id="p_00622" smilref="TheVoynichManuscript_daisy.smil#p_00622">End of book</p>
      </level1>
    </rearmatter>
  </book>
</dtbook>
