<?xml version="1.0" encoding="UTF-8"?><?xml-stylesheet type='text/xsl' href='_UpgradeReport_Files/UpgradeReport.xslt'?><UpgradeLog>
<Properties><Property Name="Solution" Value="quake2">
</Property><Property Name="Solution File" Value="C:\quake2\quake2-3.21\quake2.sln">
</Property><Property Name="User Options File" Value="C:\quake2\quake2-3.21\quake2.suo">
</Property><Property Name="Date" Value="Saturday, August 06, 2011">
</Property><Property Name="Time" Value="14:18 PM">
</Property></Properties><Event ErrorLevel="0" Project="" Source="quake2.sln" Description="File successfully backed up as C:\quake2\quake2-3.21\quake2.sln.old">
</Event><Event ErrorLevel="0" Project="" Source="quake2.suo" Description="File successfully backed up as C:\quake2\quake2-3.21\quake2.suo.old">
</Event><Event ErrorLevel="0" Project="ctf" Source="ctf\ctf.vcproj" Description="Converting project file 'C:\quake2\quake2-3.21\ctf\ctf.vcproj'.">
</Event><Event ErrorLevel="1" Project="ctf" Source="ctf\ctf.vcproj" Description="VCWebServiceProxyGeneratorTool is no longer supported. The tool has been removed from your project settings.">
</Event><Event ErrorLevel="1" Project="ctf" Source="ctf\ctf.vcproj" Description="MSB8012: $(TargetName) ('ctf') does not match the Linker's OutputFile property value '.\debug\gamex86.dll' ('gamex86') in project configuration 'Debug|Win32'. This may cause your project to build incorrectly. To correct this, please make sure that $(TargetName) property value matches the value specified in %(Link.OutputFile).">
</Event><Event ErrorLevel="1" Project="ctf" Source="ctf\ctf.vcproj" Description="MSB8012: $(TargetPath) ('C:\quake2\quake2-3.21\ctf\.\debug\ctf.dll') does not match the Linker's OutputFile property value '.\debug\gamex86.dll' ('C:\quake2\quake2-3.21\debug\gamex86.dll') in project configuration 'Debug|Win32'. This may cause your project to build incorrectly. To correct this, please make sure that $(TargetPath) property value matches the value specified in %(Link.OutputFile).">
</Event><Event ErrorLevel="1" Project="ctf" Source="ctf\ctf.vcproj" Description="MSB8012: $(TargetName) ('ctf') does not match the Linker's OutputFile property value '.\ReleaseAXP\gameaxp.dll' ('gameaxp') in project configuration 'Release Alpha|Win32'. This may cause your project to build incorrectly. To correct this, please make sure that $(TargetName) property value matches the value specified in %(Link.OutputFile).">
</Event><Event ErrorLevel="1" Project="ctf" Source="ctf\ctf.vcproj" Description="MSB8012: $(TargetPath) ('C:\quake2\quake2-3.21\ctf\.\..\ReleaseAXP\ctf.dll') does not match the Linker's OutputFile property value '.\ReleaseAXP\gameaxp.dll' ('C:\quake2\quake2-3.21\ReleaseAXP\gameaxp.dll') in project configuration 'Release Alpha|Win32'. This may cause your project to build incorrectly. To correct this, please make sure that $(TargetPath) property value matches the value specified in %(Link.OutputFile).">
</Event><Event ErrorLevel="1" Project="ctf" Source="ctf\ctf.vcproj" Description="MSB8012: $(TargetName) ('ctf') does not match the Linker's OutputFile property value '.\debugAXP\gameaxp.dll' ('gameaxp') in project configuration 'Debug Alpha|Win32'. This may cause your project to build incorrectly. To correct this, please make sure that $(TargetName) property value matches the value specified in %(Link.OutputFile).">
</Event><Event ErrorLevel="1" Project="ctf" Source="ctf\ctf.vcproj" Description="MSB8012: $(TargetPath) ('C:\quake2\quake2-3.21\ctf\.\..\DebugAXP\ctf.dll') does not match the Linker's OutputFile property value '.\debugAXP\gameaxp.dll' ('C:\quake2\quake2-3.21\debugAXP\gameaxp.dll') in project configuration 'Debug Alpha|Win32'. This may cause your project to build incorrectly. To correct this, please make sure that $(TargetPath) property value matches the value specified in %(Link.OutputFile).">
</Event><Event ErrorLevel="1" Project="ctf" Source="ctf\ctf.vcproj" Description="MSB8012: $(TargetName) ('ctf') does not match the Linker's OutputFile property value '.\release\gamex86.dll' ('gamex86') in project configuration 'Release|Win32'. This may cause your project to build incorrectly. To correct this, please make sure that $(TargetName) property value matches the value specified in %(Link.OutputFile).">
</Event><Event ErrorLevel="1" Project="ctf" Source="ctf\ctf.vcproj" Description="MSB8012: $(TargetPath) ('C:\quake2\quake2-3.21\ctf\.\release\ctf.dll') does not match the Linker's OutputFile property value '.\release\gamex86.dll' ('C:\quake2\quake2-3.21\release\gamex86.dll') in project configuration 'Release|Win32'. This may cause your project to build incorrectly. To correct this, please make sure that $(TargetPath) property value matches the value specified in %(Link.OutputFile).">
</Event><Event ErrorLevel="0" Project="ctf" Source="ctf\ctf.vcproj" Description="Done converting to new project file 'C:\quake2\quake2-3.21\ctf\ctf.vcxproj'.">
</Event><Event ErrorLevel="3" Project="ctf" Source="ctf\ctf.vcproj" Description="Converted">
</Event><Event ErrorLevel="0" Project="game" Source="game\game.vcproj" Description="Converting project file 'C:\quake2\quake2-3.21\game\game.vcproj'.">
</Event><Event ErrorLevel="1" Project="game" Source="game\game.vcproj" Description="VCWebServiceProxyGeneratorTool is no longer supported. The tool has been removed from your project settings.">
</Event><Event ErrorLevel="1" Project="game" Source="game\game.vcproj" Description="MSB8012: $(TargetName) ('game') does not match the Linker's OutputFile property value '..\debug\gamex86.dll' ('gamex86') in project configuration 'Debug|Win32'. This may cause your project to build incorrectly. To correct this, please make sure that $(TargetName) property value matches the value specified in %(Link.OutputFile).">
</Event><Event ErrorLevel="1" Project="game" Source="game\game.vcproj" Description="MSB8012: $(TargetPath) ('C:\quake2\quake2-3.21\game\.\..\debug\game.dll') does not match the Linker's OutputFile property value '..\debug\gamex86.dll' ('C:\quake2\debug\gamex86.dll') in project configuration 'Debug|Win32'. This may cause your project to build incorrectly. To correct this, please make sure that $(TargetPath) property value matches the value specified in %(Link.OutputFile).">
</Event><Event ErrorLevel="1" Project="game" Source="game\game.vcproj" Description="MSB8012: $(TargetName) ('game') does not match the Linker's OutputFile property value '..\ReleaseAXP/gameaxp.dll' ('gameaxp') in project configuration 'Release Alpha|Win32'. This may cause your project to build incorrectly. To correct this, please make sure that $(TargetName) property value matches the value specified in %(Link.OutputFile).">
</Event><Event ErrorLevel="1" Project="game" Source="game\game.vcproj" Description="MSB8012: $(TargetPath) ('C:\quake2\quake2-3.21\game\.\..\ReleaseAXP\game.dll') does not match the Linker's OutputFile property value '..\ReleaseAXP/gameaxp.dll' ('C:\quake2\ReleaseAXP/gameaxp.dll') in project configuration 'Release Alpha|Win32'. This may cause your project to build incorrectly. To correct this, please make sure that $(TargetPath) property value matches the value specified in %(Link.OutputFile).">
</Event><Event ErrorLevel="1" Project="game" Source="game\game.vcproj" Description="MSB8012: $(TargetName) ('game') does not match the Linker's OutputFile property value '..\DebugAxp/gameaxp.dll' ('gameaxp') in project configuration 'Debug Alpha|Win32'. This may cause your project to build incorrectly. To correct this, please make sure that $(TargetName) property value matches the value specified in %(Link.OutputFile).">
</Event><Event ErrorLevel="1" Project="game" Source="game\game.vcproj" Description="MSB8012: $(TargetPath) ('C:\quake2\quake2-3.21\game\.\..\DebugAxp\game.dll') does not match the Linker's OutputFile property value '..\DebugAxp/gameaxp.dll' ('C:\quake2\DebugAxp/gameaxp.dll') in project configuration 'Debug Alpha|Win32'. This may cause your project to build incorrectly. To correct this, please make sure that $(TargetPath) property value matches the value specified in %(Link.OutputFile).">
</Event><Event ErrorLevel="1" Project="game" Source="game\game.vcproj" Description="MSB8012: $(TargetName) ('game') does not match the Linker's OutputFile property value '..\release\gamex86.dll' ('gamex86') in project configuration 'Release|Win32'. This may cause your project to build incorrectly. To correct this, please make sure that $(TargetName) property value matches the value specified in %(Link.OutputFile).">
</Event><Event ErrorLevel="1" Project="game" Source="game\game.vcproj" Description="MSB8012: $(TargetPath) ('C:\quake2\quake2-3.21\game\.\..\release\game.dll') does not match the Linker's OutputFile property value '..\release\gamex86.dll' ('C:\quake2\release\gamex86.dll') in project configuration 'Release|Win32'. This may cause your project to build incorrectly. To correct this, please make sure that $(TargetPath) property value matches the value specified in %(Link.OutputFile).">
</Event><Event ErrorLevel="0" Project="game" Source="game\game.vcproj" Description="Done converting to new project file 'C:\quake2\quake2-3.21\game\game.vcxproj'.">
</Event><Event ErrorLevel="3" Project="game" Source="game\game.vcproj" Description="Converted">
</Event><Event ErrorLevel="0" Project="quake2" Source="quake2.vcproj" Description="Converting project file 'C:\quake2\quake2-3.21\quake2.vcproj'.">
</Event><Event ErrorLevel="1" Project="quake2" Source="quake2.vcproj" Description="VCWebServiceProxyGeneratorTool is no longer supported. The tool has been removed from your project settings.">
</Event><Event ErrorLevel="1" Project="quake2" Source="quake2.vcproj" Description="MSB8012: $(TargetPath) ('C:\quake2\quake2-3.21\.\DebugAxp\quake2.exe') does not match the Linker's OutputFile property value '.\DebugAxp/quake2.exe' ('C:\quake2\quake2-3.21\DebugAxp/quake2.exe') in project configuration 'Debug Alpha|Win32'. This may cause your project to build incorrectly. To correct this, please make sure that $(TargetPath) property value matches the value specified in %(Link.OutputFile).">
</Event><Event ErrorLevel="1" Project="quake2" Source="quake2.vcproj" Description="MSB8012: $(TargetPath) ('C:\quake2\quake2-3.21\.\ReleaseAXP\quake2.exe') does not match the Linker's OutputFile property value '.\ReleaseAXP/quake2.exe' ('C:\quake2\quake2-3.21\ReleaseAXP/quake2.exe') in project configuration 'Release Alpha|Win32'. This may cause your project to build incorrectly. To correct this, please make sure that $(TargetPath) property value matches the value specified in %(Link.OutputFile).">
</Event><Event ErrorLevel="1" Project="quake2" Source="quake2.vcproj" Description="MSB8012: $(TargetPath) ('C:\quake2\quake2-3.21\.\debug\quake2.exe') does not match the Linker's OutputFile property value '.\debug/quake2.exe' ('C:\quake2\quake2-3.21\debug/quake2.exe') in project configuration 'Debug|Win32'. This may cause your project to build incorrectly. To correct this, please make sure that $(TargetPath) property value matches the value specified in %(Link.OutputFile).">
</Event><Event ErrorLevel="1" Project="quake2" Source="quake2.vcproj" Description="MSB8012: $(TargetPath) ('C:\quake2\quake2-3.21\.\release\quake2.exe') does not match the Linker's OutputFile property value '.\release/quake2.exe' ('C:\quake2\quake2-3.21\release/quake2.exe') in project configuration 'Release|Win32'. This may cause your project to build incorrectly. To correct this, please make sure that $(TargetPath) property value matches the value specified in %(Link.OutputFile).">
</Event><Event ErrorLevel="0" Project="quake2" Source="quake2.vcproj" Description="Done converting to new project file 'C:\quake2\quake2-3.21\quake2.vcxproj'.">
</Event><Event ErrorLevel="3" Project="quake2" Source="quake2.vcproj" Description="Converted">
</Event><Event ErrorLevel="0" Project="ref_gl" Source="ref_gl\ref_gl.vcproj" Description="Converting project file 'C:\quake2\quake2-3.21\ref_gl\ref_gl.vcproj'.">
</Event><Event ErrorLevel="1" Project="ref_gl" Source="ref_gl\ref_gl.vcproj" Description="VCWebServiceProxyGeneratorTool is no longer supported. The tool has been removed from your project settings.">
</Event><Event ErrorLevel="1" Project="ref_gl" Source="ref_gl\ref_gl.vcproj" Description="MSB8012: $(TargetPath) ('C:\quake2\quake2-3.21\ref_gl\.\..\debug\ref_gl.dll') does not match the Linker's OutputFile property value '.\..\debug/ref_gl.dll' ('C:\quake2\debug/ref_gl.dll') in project configuration 'Debug|Win32'. This may cause your project to build incorrectly. To correct this, please make sure that $(TargetPath) property value matches the value specified in %(Link.OutputFile).">
</Event><Event ErrorLevel="1" Project="ref_gl" Source="ref_gl\ref_gl.vcproj" Description="MSB8012: $(TargetPath) ('C:\quake2\quake2-3.21\ref_gl\.\..\DebugAxp\ref_gl.dll') does not match the Linker's OutputFile property value '.\..\DebugAxp/ref_gl.dll' ('C:\quake2\DebugAxp/ref_gl.dll') in project configuration 'Debug Alpha|Win32'. This may cause your project to build incorrectly. To correct this, please make sure that $(TargetPath) property value matches the value specified in %(Link.OutputFile).">
</Event><Event ErrorLevel="1" Project="ref_gl" Source="ref_gl\ref_gl.vcproj" Description="MSB8012: $(TargetPath) ('C:\quake2\quake2-3.21\ref_gl\.\..\ReleaseAXP\ref_gl.dll') does not match the Linker's OutputFile property value '.\..\ReleaseAXP/ref_gl.dll' ('C:\quake2\ReleaseAXP/ref_gl.dll') in project configuration 'Release Alpha|Win32'. This may cause your project to build incorrectly. To correct this, please make sure that $(TargetPath) property value matches the value specified in %(Link.OutputFile).">
</Event><Event ErrorLevel="1" Project="ref_gl" Source="ref_gl\ref_gl.vcproj" Description="MSB8012: $(TargetPath) ('C:\quake2\quake2-3.21\ref_gl\.\..\release\ref_gl.dll') does not match the Linker's OutputFile property value '.\..\release/ref_gl.dll' ('C:\quake2\release/ref_gl.dll') in project configuration 'Release|Win32'. This may cause your project to build incorrectly. To correct this, please make sure that $(TargetPath) property value matches the value specified in %(Link.OutputFile).">
</Event><Event ErrorLevel="0" Project="ref_gl" Source="ref_gl\ref_gl.vcproj" Description="Done converting to new project file 'C:\quake2\quake2-3.21\ref_gl\ref_gl.vcxproj'.">
</Event><Event ErrorLevel="3" Project="ref_gl" Source="ref_gl\ref_gl.vcproj" Description="Converted">
</Event><Event ErrorLevel="0" Project="ref_soft" Source="ref_soft\ref_soft.vcproj" Description="Converting project file 'C:\quake2\quake2-3.21\ref_soft\ref_soft.vcproj'.">
</Event><Event ErrorLevel="1" Project="ref_soft" Source="ref_soft\ref_soft.vcproj" Description="VCWebServiceProxyGeneratorTool is no longer supported. The tool has been removed from your project settings.">
</Event><Event ErrorLevel="1" Project="ref_soft" Source="ref_soft\ref_soft.vcproj" Description="MSB8012: $(TargetPath) ('C:\quake2\quake2-3.21\ref_soft\.\..\debug\ref_soft.dll') does not match the Linker's OutputFile property value '.\..\debug/ref_soft.dll' ('C:\quake2\debug/ref_soft.dll') in project configuration 'Debug|Win32'. This may cause your project to build incorrectly. To correct this, please make sure that $(TargetPath) property value matches the value specified in %(Link.OutputFile).">
</Event><Event ErrorLevel="1" Project="ref_soft" Source="ref_soft\ref_soft.vcproj" Description="MSB8012: $(TargetPath) ('C:\quake2\quake2-3.21\ref_soft\.\..\release\ref_soft.dll') does not match the Linker's OutputFile property value '.\..\release/ref_soft.dll' ('C:\quake2\release/ref_soft.dll') in project configuration 'Release|Win32'. This may cause your project to build incorrectly. To correct this, please make sure that $(TargetPath) property value matches the value specified in %(Link.OutputFile).">
</Event><Event ErrorLevel="1" Project="ref_soft" Source="ref_soft\ref_soft.vcproj" Description="MSB8012: $(TargetPath) ('C:\quake2\quake2-3.21\ref_soft\.\..\ReleaseAXP\ref_soft.dll') does not match the Linker's OutputFile property value '.\..\ReleaseAXP/ref_soft.dll' ('C:\quake2\ReleaseAXP/ref_soft.dll') in project configuration 'Release Alpha|Win32'. This may cause your project to build incorrectly. To correct this, please make sure that $(TargetPath) property value matches the value specified in %(Link.OutputFile).">
</Event><Event ErrorLevel="1" Project="ref_soft" Source="ref_soft\ref_soft.vcproj" Description="MSB8012: $(TargetPath) ('C:\quake2\quake2-3.21\ref_soft\.\..\DebugAxp\ref_soft.dll') does not match the Linker's OutputFile property value '.\..\DebugAxp/ref_soft.dll' ('C:\quake2\DebugAxp/ref_soft.dll') in project configuration 'Debug Alpha|Win32'. This may cause your project to build incorrectly. To correct this, please make sure that $(TargetPath) property value matches the value specified in %(Link.OutputFile).">
</Event><Event ErrorLevel="0" Project="ref_soft" Source="ref_soft\ref_soft.vcproj" Description="Done converting to new project file 'C:\quake2\quake2-3.21\ref_soft\ref_soft.vcxproj'.">
</Event><Event ErrorLevel="3" Project="ref_soft" Source="ref_soft\ref_soft.vcproj" Description="Converted">
</Event><Event ErrorLevel="0" Project="" Source="quake2.sln" Description="Solution converted successfully">
</Event><Event ErrorLevel="3" Project="" Source="quake2.sln" Description="Converted">
</Event></UpgradeLog>